{"cameraMode":{"drawMode":0,"name":"Shaded","section":"Shading Mode"},"sceneLighting":false,"audioPlay":false,"sceneViewState":{"showFog":true,"showMaterialUpdate":false,"showSkybox":false,"showFlares":true,"showImageEffects":true,"showParticleSystems":true},"in2DMode":false,"pivot":{"x":1.170100212097168,"y":16.583553314208986,"z":-0.15700197219848634},"rotation":{"x":-0.1202913448214531,"y":-0.4487682580947876,"z":0.061106253415346149,"w":-0.8834043145179749},"size":80.28417205810547,"orthographic":false}