{"cameraMode":{"drawMode":0,"name":"Shaded","section":"Shading Mode"},"sceneLighting":false,"audioPlay":false,"sceneViewState":{"showFog":true,"showMaterialUpdate":false,"showSkybox":false,"showFlares":true,"showImageEffects":true,"showParticleSystems":true},"in2DMode":false,"pivot":{"x":0.0,"y":0.7009050846099854,"z":-0.0025272369384765627},"rotation":{"x":-0.025279251858592035,"y":0.8931748867034912,"z":-0.44613683223724368,"w":-0.05061281844973564},"size":8.083687782287598,"orthographic":false}