{"cameraMode":{"drawMode":0,"name":"Shaded","section":"Shading Mode"},"sceneLighting":false,"audioPlay":false,"sceneViewState":{"showFog":true,"showMaterialUpdate":false,"showSkybox":false,"showFlares":true,"showImageEffects":true,"showParticleSystems":true},"in2DMode":false,"pivot":{"x":2.309999942779541,"y":11.945435523986817,"z":-3.9939942359924318},"rotation":{"x":0.09055627137422562,"y":0.8321773409843445,"z":-0.14269492030143739,"w":0.5281273722648621},"size":6.659544944763184,"orthographic":false}