{"cameraMode":{"drawMode":0,"name":"Shaded","section":"Shading Mode"},"sceneLighting":false,"audioPlay":false,"sceneViewState":{"showFog":true,"showMaterialUpdate":false,"showSkybox":false,"showFlares":true,"showImageEffects":true,"showParticleSystems":true},"in2DMode":false,"pivot":{"x":52.716270446777347,"y":30.24510955810547,"z":26.763500213623048},"rotation":{"x":0.10671839863061905,"y":0.45447248220443728,"z":-0.054949067533016208,"w":0.8826361894607544},"size":8.567307472229004,"orthographic":false}