{"cameraMode":{"drawMode":0,"name":"Shaded","section":"Shading Mode"},"sceneLighting":false,"audioPlay":false,"sceneViewState":{"showFog":false,"showMaterialUpdate":false,"showSkybox":false,"showFlares":false,"showImageEffects":false,"showParticleSystems":false},"in2DMode":false,"pivot":{"x":59.31127166748047,"y":0.8152761459350586,"z":21.023479461669923},"rotation":{"x":-0.055604804307222369,"y":0.9440845847129822,"z":-0.24191595613956452,"w":-0.21700029075145722},"size":3.5649964809417726,"orthographic":false}