{"cameraMode":{"drawMode":0,"name":"Shaded","section":"Shading Mode"},"sceneLighting":false,"audioPlay":false,"sceneViewState":{"showFog":true,"showMaterialUpdate":false,"showSkybox":false,"showFlares":true,"showImageEffects":true,"showParticleSystems":true},"in2DMode":false,"pivot":{"x":191.68804931640626,"y":3.206329345703125,"z":108.33995056152344},"rotation":{"x":-0.00450703501701355,"y":0.9947638511657715,"z":-0.08865928649902344,"w":-0.05063817277550697},"size":24.542892456054689,"orthographic":false}