{"cameraMode":{"drawMode":0,"name":"Shaded","section":"Shading Mode"},"sceneLighting":false,"audioPlay":false,"sceneViewState":{"showFog":true,"showMaterialUpdate":false,"showSkybox":false,"showFlares":true,"showImageEffects":true,"showParticleSystems":true},"in2DMode":false,"pivot":{"x":48.03143310546875,"y":7.8193359375,"z":-59.48276138305664},"rotation":{"x":-0.019567258656024934,"y":0.9496793746948242,"z":-0.30668216943740847,"w":-0.06059892475605011},"size":2.4179916381835939,"orthographic":false}