{"cameraMode":{"drawMode":0,"name":"Shaded","section":"Shading Mode"},"sceneLighting":false,"audioPlay":false,"sceneViewState":{"showFog":true,"showMaterialUpdate":false,"showSkybox":false,"showFlares":true,"showImageEffects":true,"showParticleSystems":true},"in2DMode":false,"pivot":{"x":1.5644469261169434,"y":6.082327842712402,"z":-0.7966012954711914},"rotation":{"x":0.007153245620429516,"y":-0.6404595971107483,"z":0.005965367890894413,"w":0.7679354548454285},"size":56.273990631103519,"orthographic":false}