{"cameraMode":{"drawMode":0,"name":"Shaded","section":"Shading Mode"},"sceneLighting":false,"audioPlay":false,"sceneViewState":{"showFog":true,"showMaterialUpdate":false,"showSkybox":false,"showFlares":true,"showImageEffects":true,"showParticleSystems":true},"in2DMode":false,"pivot":{"x":-0.19999998807907105,"y":0.5014209747314453,"z":0.0},"rotation":{"x":0.07282151281833649,"y":0.7948768138885498,"z":-0.09736059606075287,"w":0.5944651961326599},"size":3.2834584712982179,"orthographic":false}