{"cameraMode":{"drawMode":0,"name":"Shaded","section":"Shading Mode"},"sceneLighting":false,"audioPlay":false,"sceneViewState":{"showFog":true,"showMaterialUpdate":false,"showSkybox":false,"showFlares":true,"showImageEffects":true,"showParticleSystems":true},"in2DMode":false,"pivot":{"x":0.0,"y":1.0280311107635499,"z":-0.00252532958984375},"rotation":{"x":-0.07281751185655594,"y":-0.7834962606430054,"z":0.09353061765432358,"w":-0.6099863052368164},"size":8.456075668334961,"orthographic":false}