{"cameraMode":{"drawMode":0,"name":"Shaded","section":"Shading Mode"},"sceneLighting":false,"audioPlay":false,"sceneViewState":{"showFog":true,"showMaterialUpdate":false,"showSkybox":false,"showFlares":true,"showImageEffects":true,"showParticleSystems":true},"in2DMode":false,"pivot":{"x":170.01821899414063,"y":-64.70307159423828,"z":74.65878295898438},"rotation":{"x":-0.0219140462577343,"y":0.9362183213233948,"z":-0.05935097113251686,"w":-0.34567689895629885},"size":127.122314453125,"orthographic":false}