{"cameraMode":{"drawMode":0,"name":"Shaded","section":"Shading Mode"},"sceneLighting":true,"audioPlay":false,"sceneViewState":{"showFog":true,"showMaterialUpdate":true,"showSkybox":true,"showFlares":true,"showImageEffects":true,"showParticleSystems":true},"in2DMode":false,"pivot":{"x":386.9523010253906,"y":12.795940399169922,"z":170.9720458984375},"rotation":{"x":0.044648684561252597,"y":0.8534080386161804,"z":0.07413065433502197,"w":-0.5140096545219421},"size":4.638303756713867,"orthographic":false}