{"cameraMode":{"drawMode":0,"name":"Shaded","section":"Shading Mode"},"sceneLighting":false,"audioPlay":false,"sceneViewState":{"showFog":true,"showMaterialUpdate":false,"showSkybox":false,"showFlares":true,"showImageEffects":true,"showParticleSystems":true},"in2DMode":false,"pivot":{"x":50.99815368652344,"y":7.645988464355469,"z":41.89295196533203},"rotation":{"x":-0.19908566772937776,"y":0.09187605232000351,"z":-0.018751587718725206,"w":-0.9754855632781982},"size":19.28034782409668,"orthographic":false}