{"cameraMode":{"drawMode":0,"name":"Shaded","section":"Shading Mode"},"sceneLighting":false,"audioPlay":false,"sceneViewState":{"showFog":true,"showMaterialUpdate":false,"showSkybox":false,"showFlares":true,"showImageEffects":true,"showParticleSystems":true},"in2DMode":false,"pivot":{"x":-0.41666877269744875,"y":12.107023239135743,"z":-4.020237445831299},"rotation":{"x":-0.13239267468452454,"y":0.6126686334609985,"z":-0.1050582304596901,"w":-0.7720571160316467},"size":6.659561634063721,"orthographic":false}